threshold_probability,net_benefit_model,net_benefit_treat_all,net_benefit_treat_none
0.05,0.5289328293108462,0.5289328293108462,0.0
0.1,0.5027624309392266,0.5027624309392266,0.0
0.15,0.47351316217094575,0.47351316217094575,0.0
0.2,0.4378453038674034,0.44060773480662985,0.0
0.25,0.39779005524861877,0.4033149171270719,0.0
0.3,0.34471191791633776,0.36069455406471984,0.0
0.35,0.3084360390990225,0.3115172120696983,0.0
0.4,0.2739410681399632,0.2541436464088399,0.0
0.45,0.24284279256654953,0.1863385233550981,0.0
0.5,0.20580110497237572,0.10497237569060786,0.0
0.55,0.1651319828115409,0.005524861878453247,0.0
0.6,0.1332872928176796,-0.1187845303867402,0.0
0.65,0.1037884767166535,-0.27861089187056043,0.0
0.7,0.08103130755064458,-0.4917127071823203,0.0
0.75,0.062154696132596686,-0.7900552486187843,0.0
0.8,0.03729281767955803,-1.2375690607734797,0.0
0.85,0.005985267034990792,-1.9834254143646404,0.0
0.9,0.0,-3.475138121546962,0.0
