feature,fn_mean,fn_std,tp_mean,tp_std,all_pos_mean,all_pos_std,fn_vs_tp_mean_delta
age_years,56.81818181818182,15.238487549062452,61.13953488372093,15.979584843885831,60.07,15.890606610388266,-4.321353065539107
temperature_c,38.121212121212125,1.0081578196092773,38.19136212624584,1.0925162722331099,38.174,1.0714448119069904,-0.07015000503371738
heart_rate_bpm,92.70707070707071,20.979704733847885,106.03986710963456,18.72409513565203,102.74,20.122118405446454,-13.332796402563844
systolic_bp_mmhg,118.54545454545455,22.415042656468003,103.30232558139535,20.7680434299184,107.075,22.16037184255944,15.243128964059196
respiratory_rate_bpm,20.373737373737374,4.93133640574745,20.817275747508305,4.424533936327063,20.7075,4.552885421813336,-0.44353837377093086
crp_mg_l,35.333333333333336,31.844106877994598,49.44518272425249,41.699778796973256,45.9525,39.9207811254259,-14.111849390919154
prior_antibiotic_exposure_count_90d,0.32323232323232326,0.7931888987805042,1.458471760797342,1.3200137587792622,1.1775,1.3058548511341437,-1.1352394375650188
prior_antibiotic_days,1.393939393939394,3.193801975313109,9.50498338870432,9.40872689314145,7.4975,9.019332827967606,-8.111043994764925
ward_endemic_resistance_rate,0.2612020202020202,0.06296257064319713,0.32398671096345516,0.09246837201342331,0.3084475,0.09021393255933115,-0.06278469076143495
