feature_name,data_type,missing_pct,unique_values,distribution_summary,target_association,available_at_prediction,leakage_status,clinical_plausibility_rationale
age_years,int64,0.0%,75,"mean=58.4, std=16.8, median=58.0",r=+0.071 (p=9.58e-07),Yes (Pre-culture),Clean (Approved),"Older patients frequently present with higher healthcare exposure, immunosenescence, and colonization."
temperature_c,float64,0.0%,58,"mean=38.2, std=1.0, median=38.4",r=+0.016 (p=2.73e-01),Yes (Pre-culture),Clean (Approved),Fever indicates systemic inflammatory response and acute infection severity.
heart_rate_bpm,int64,0.0%,113,"mean=100.3, std=20.4, median=101.0",r=+0.139 (p=4.10e-22),Yes (Pre-culture),Clean (Approved),Tachycardia is a core SIRS/sepsis vital sign indicating physiological distress.
systolic_bp_mmhg,int64,0.0%,108,"mean=110.0, std=22.3, median=109.0",r=-0.139 (p=5.54e-22),Yes (Pre-culture),Clean (Approved),"Hypotension signals septic shock, organ hypoperfusion, and acute decompensation."
diastolic_bp_mmhg,int64,0.0%,77,"mean=65.5, std=14.5, median=65.0",r=-0.132 (p=5.09e-20),Yes (Pre-culture),Clean (Approved),Standard clinical baseline predictor.
spo2_percent,int64,0.0%,23,"mean=93.0, std=3.8, median=94.0",r=-0.066 (p=4.74e-06),Yes (Pre-culture),Clean (Approved),Standard clinical baseline predictor.
respiratory_rate_bpm,int64,0.0%,28,"mean=20.5, std=4.7, median=20.0",r=+0.071 (p=7.49e-07),Yes (Pre-culture),Clean (Approved),Standard clinical baseline predictor.
crp_mg_l,float64,0.0%,1161,"mean=41.0, std=38.8, median=29.4",r=+0.124 (p=8.08e-18),Yes (Pre-culture),Clean (Approved),Standard clinical baseline predictor.
prior_antibiotic_exposure_count_90d,int64,0.0%,6,"mean=1.0, std=1.2, median=1.0",r=+0.193 (p=1.35e-41),Yes (Pre-culture),Clean (Approved),Prior antimicrobial exposure exerts selective pressure favoring resistant clones.
prior_antibiotic_days,int64,0.0%,8,"mean=6.6, std=8.8, median=3.0",r=+0.189 (p=9.58e-40),Yes (Pre-culture),Clean (Approved),Duration of prior antimicrobial therapy correlates directly with resistance emergence.
ward_endemic_resistance_rate,float64,0.0%,457,"mean=0.3, std=0.1, median=0.3",r=+0.147 (p=2.01e-24),Yes (Pre-culture),Clean (Approved),Local unit antibiograms and colonization pressure strongly dictate baseline odds.
sex,str,0.0%,2,Top: Male (2 cats),2 categories,Yes (Pre-culture),Clean (Approved),Standard clinical baseline predictor.
pregnancy_status,str,0.0%,4,Top: Not applicable (4 cats),4 categories,Yes (Pre-culture),Clean (Approved),Standard clinical baseline predictor.
ward,str,0.0%,4,Top: General Medicine (4 cats),4 categories,Yes (Pre-culture),Clean (Approved),Standard clinical baseline predictor.
primary_diagnosis,str,0.0%,26,Top: Aspiration pneumonia (26 cats),26 categories,Yes (Pre-culture),Clean (Approved),Standard clinical baseline predictor.
infection_source,str,0.0%,8,Top: Intra-abdominal Infection (8 cats),8 categories,Yes (Pre-culture),Clean (Approved),Standard clinical baseline predictor.
suspected_pathogen,str,0.0%,9,Top: Enterococcus faecalis (9 cats),9 categories,Yes (Pre-culture),Clean (Approved),Standard clinical baseline predictor.
kidney_function,str,0.0%,6,Top: Normal (6 cats),6 categories,Yes (Pre-culture),Clean (Approved),Standard clinical baseline predictor.
liver_function,str,0.0%,5,Top: Normal (5 cats),5 categories,Yes (Pre-culture),Clean (Approved),Standard clinical baseline predictor.
drug_allergy,str,0.0%,7,Top: None known (7 cats),7 categories,Yes (Pre-culture),Clean (Approved),Standard clinical baseline predictor.
allergy_severity,str,70.8%,3,Top: Mild/rash (3 cats),3 categories,Yes (Pre-culture),Clean (Approved),Standard clinical baseline predictor.
prior_antibiotic_90d,str,0.0%,13,Top: None in prior 90 days (13 cats),13 categories,Yes (Pre-culture),Clean (Approved),Standard clinical baseline predictor.
prior_resistant_organism,str,0.0%,5,Top: None known (5 cats),5 categories,Yes (Pre-culture),Clean (Approved),Previous infection or colonization is the single strongest clinical predictor of recurrence.
comorbidities,str,32.0%,92,Top: Immunosuppression (92 cats),92 categories,Yes (Pre-culture),Clean (Approved),Standard clinical baseline predictor.
