metric,existing_test,independent_5k,difference
ROC-AUC,0.6954783950617284,0.7226618654537287,0.02718347039200031
PR-AUC,0.7263107574118692,0.7293873955505232,0.0030766381386539976
Sensitivity (@ 0.50),0.7525,0.671875,-0.08062499999999995
Specificity (@ 0.50),0.5,0.6594788858939802,0.15947888589398018
PPV (@ 0.50),0.6976,0.6941081517352704,-0.003491848264729591
NPV (@ 0.50),0.6052,0.6360485268630849,0.030848526863084924
F1 Score (@ 0.50),0.697566628041715,0.6828106391425168,-0.014755988899198158
Balanced Accuracy,0.6528,0.6656769429469901,0.012876942946990044
Brier Score,0.2205409946751001,0.21307193300905977,-0.007469061666040333
Expected Calibration Error,0.03710520007127888,0.0330357850469708,-0.004069415024308076
