subgroup_category,subgroup_value,sample_size,positive_count,negative_count,prevalence,stability_flag,test_roc_auc,test_pr_auc,test_sensitivity,test_specificity,test_f1,test_brier_score,test_ece
Age Category,50-69 years,324,191,133,0.5895061728395061,Stable,0.6967287328268315,0.797984005746224,0.7696335078534031,0.39849624060150374,0.7033492822966507,0.21734517590832478,0.0829861601009781
Age Category,<50 years,209,102,107,0.4880382775119617,Stable,0.6800897929265164,0.6802810845639377,0.6470588235294118,0.6542056074766355,0.6439024390243903,0.2288362421667666,0.07046544291613777
Age Category,>=70 years (Elderly),191,107,84,0.5602094240837696,Stable,0.6988762794837561,0.7238609888331861,0.822429906542056,0.4642857142857143,0.7333333333333333,0.21688517558963896,0.04256070034666213
Sex,Female,360,201,159,0.5583333333333333,Stable,0.7191557933602429,0.7601295030983698,0.7661691542288557,0.5471698113207547,0.7213114754098361,0.21305228665905412,0.04249361579616865
Sex,Male,364,199,165,0.5467032967032966,Stable,0.671935434749505,0.7281380806424919,0.7386934673366834,0.45454545454545453,0.6743119266055045,0.22794740919646422,0.06811412892580687
Ward Location,Emergency Department,95,42,53,0.4421052631578947,Stable,0.6608265947888589,0.6307260762176463,0.5714285714285714,0.660377358490566,0.5714285714285714,0.22820779872718538,0.08483296915104518
Ward Location,General Medicine,321,162,159,0.5046728971962616,Stable,0.6883686621632115,0.7165124371283338,0.6728395061728395,0.5974842767295597,0.6507462686567164,0.22297600136749898,0.037346106150254285
Ward Location,ICU,142,89,53,0.6267605633802817,Stable,0.6803052787788849,0.7763370594333473,0.9550561797752809,0.05660377358490566,0.7589285714285714,0.21395406738821612,0.11828008105217568
Ward Location,Surgical Ward,166,107,59,0.6445783132530121,Stable,0.6926184064628543,0.8086100686703337,0.7757009345794392,0.4915254237288136,0.7545454545454545,0.21707930878069884,0.08427115843956728
Infection Source,Bloodstream Infection,43,21,22,0.4883720930232558,Stable,0.6396103896103895,0.5833732116895484,0.8095238095238095,0.4090909090909091,0.6666666666666666,0.23540214290537612,0.1004971085592758
Infection Source,Community-Acquired Pneumonia,122,69,53,0.5655737704918032,Stable,0.6323489198796828,0.7006563546712408,0.7246376811594203,0.4716981132075472,0.6802721088435374,0.2400570574894623,0.05606489787336258
Infection Source,Hospital-Acquired Pneumonia,86,58,28,0.6744186046511628,Stable,0.7349137931034483,0.8581555164999427,0.7758620689655172,0.5357142857142857,0.7758620689655172,0.19819062870978693,0.10440004079840902
Infection Source,Intra-abdominal Infection,183,94,89,0.5136612021857924,Stable,0.607638058809467,0.6249895819976026,0.7340425531914894,0.3707865168539326,0.6301369863013698,0.2470438684165684,0.09899016518573293
Infection Source,Skin/Soft Tissue Infection,38,19,19,0.5,Stable,0.8434903047091412,0.8834931462081386,0.8421052631578947,0.5789473684210527,0.7441860465116279,0.17831492351002523,0.12908768732296794
Infection Source,Surgical Site Infection,35,20,15,0.5714285714285714,Stable,0.6366666666666666,0.7486853655603656,0.75,0.3333333333333333,0.6666666666666666,0.24019578977727768,0.1496388452393668
Infection Source,Urinary Tract Infection,146,75,71,0.5136986301369864,Stable,0.7630046948356808,0.8019491231827857,0.7333333333333333,0.676056338028169,0.7189542483660131,0.20038098956030115,0.10609996951606175
Infection Source,Ventilator-Associated Pneumonia,71,44,27,0.6197183098591549,Stable,0.7672558922558923,0.862162210014791,0.7727272727272727,0.5925925925925926,0.7640449438202247,0.19113465895019102,0.06966007553355795
Kidney Function,AKI,42,24,18,0.5714285714285714,Stable,0.6527777777777779,0.7420310935935936,0.75,0.5,0.7058823529411765,0.22802669749641838,0.05266885175591424
Kidney Function,Mild impairment,135,61,74,0.45185185185185184,Stable,0.6597252990695615,0.6526400303133659,0.6885245901639344,0.527027027027027,0.6086956521739131,0.23390506576689318,0.08687746326128641
Kidney Function,Moderate impairment,91,48,43,0.5274725274725275,Stable,0.7034883720930232,0.7008318718466362,0.7916666666666666,0.4883720930232558,0.7037037037037037,0.21898297946399714,0.05768648510450847
Kidney Function,Normal,420,245,175,0.5833333333333334,Stable,0.6934810495626823,0.7647296476415402,0.7510204081632653,0.49142857142857144,0.7104247104247104,0.22015970720006728,0.061257059783453055
Kidney Function,Severe impairment,28,19,9,0.6785714285714286,Stable,0.9035087719298246,0.9620027683986494,0.8947368421052632,0.4444444444444444,0.8292682926829268,0.1536917759405618,0.26535262273890625
Kidney Function,Unknown,8,3,5,0.375,Unstable (Small N),,,,,,,
Prior Antibiotic Exposure,1 prior exposure,189,108,81,0.5714285714285714,Stable,0.7526863283036123,0.8260354570469415,0.8333333333333334,0.4444444444444444,0.7407407407407407,0.2008067853129683,0.060370001370313946
Prior Antibiotic Exposure,>=2 prior exposures,183,131,52,0.7158469945355191,Stable,0.7025836758661187,0.844462516285265,0.9694656488549618,0.07692307692307693,0.8300653594771242,0.18457824788638832,0.05758166036319214
Prior Antibiotic Exposure,No prior exposure (0),352,161,191,0.45738636363636365,Stable,0.6018340866963676,0.5331482689912643,0.5217391304347826,0.6387434554973822,0.535031847133758,0.2498334612426489,0.08020377927459775
Prior AMR History,No prior resistant history,521,248,273,0.4760076775431862,Stable,0.6415721375398794,0.6460796861335877,0.6048387096774194,0.5897435897435898,0.5882352941176471,0.2365788294097813,0.06427978238022944
Prior AMR History,Prior resistant organism documented,203,152,51,0.7487684729064039,Stable,0.6397058823529412,0.8372002192113059,0.993421052631579,0.0196078431372549,0.8555240793201133,0.17937985232648482,0.07699832070637219
