threshold,tp,tn,fp,fn,sensitivity,specificity,ppv,npv,f1,balanced_accuracy
0.1,400,0,324,0,1.0,0.0,0.5524861878453039,0.0,0.7117437722419929,0.5
0.2,396,8,316,4,0.99,0.024691358024691357,0.5561797752808989,0.6666666666666666,0.7122302158273381,0.5073456790123456
0.3,352,85,239,48,0.88,0.2623456790123457,0.5956006768189509,0.6390977443609023,0.7103935418768921,0.5711728395061728
0.4,313,152,172,87,0.7825,0.4691358024691358,0.6453608247422681,0.6359832635983264,0.7073446327683615,0.6258179012345679
0.5,263,210,114,137,0.6575,0.6481481481481481,0.6976127320954907,0.6051873198847262,0.676962676962677,0.6528240740740741
0.6,179,269,55,221,0.4475,0.8302469135802469,0.7649572649572649,0.5489795918367347,0.5646687697160884,0.6388734567901235
0.7,110,302,22,290,0.275,0.9320987654320988,0.8333333333333334,0.5101351351351351,0.4135338345864662,0.6035493827160494
0.8,43,320,4,357,0.1075,0.9876543209876543,0.9148936170212766,0.4726735598227474,0.19239373601789708,0.5475771604938271
0.9,0,324,0,400,0.0,1.0,0.0,0.44751381215469616,0.0,0.5
